Workbook

Sheet Inventory_Tracker
A1: REAL-TIME INVENTORY TRACKER · SQL-Connected Dashboard · Mousumi Paul | Feb 2025
A2: Stock Levels · EOQ · Reorder Points · Safety Stock · 5 Product Categories
A4: MODEL PARAMETERS (Blue = editable inputs)
A5: Working Days/Year | B5: 250 | D5: Lead Time (Days) | E5: 14 | G5: Z-Score (95% SL) | H5: 1.65 | J5: Ordering Cost (₹) | K5: 2500
A8: # | B8: Product | C8: Category Code | D8: Unit Cost (₹) | E8: Hold % /yr | F8: Hold Cost (₹/unit) | G8: Ann. Demand (Units) | H8: Demand Std Dev | I8: EOQ (Units) | J8: Safety Stock | K8: Reorder Point | L8: Current Stock
A9: 1 | B9: Electronics | C9: P01 | D9: 4500 | E9: 0.2 | F9: =D9*E9 -> 900 | G9: 6060 | H9: 88 | I9: =IFERROR(ROUND(SQRT(2*G9*$H$5/F9),0),0) -> 5 | J9: 99 | K9: 438 | L9: 850
A10: 2 | B10: Apparel | C10: P02 | D10: 850 | E10: 0.25 | F10: =D10*E10 -> 212.5 | G10: 4980 | H10: 72 | I10: =IFERROR(ROUND(SQRT(2*G10*$H$5/F10),0),0) -> 9 | J10: 81 | K10: 360 | L10: 420
A11: 3 | B11: Home & Kitchen | C11: P03 | D11: 1200 | E11: 0.22 | F11: =D11*E11 -> 264 | G11: 4200 | H11: 55 | I11: =IFERROR(ROUND(SQRT(2*G11*$H$5/F11),0),0) -> 7 | J11: 62 | K11: 297 | L11: 320
A12: 4 | B12: Sports & Outdoors | C12: P04 | D12: 2200 | E12: 0.18 | F12: =D12*E12 -> 396 | G12: 3690 | H12: 100 | I12: =IFERROR(ROUND(SQRT(2*G12*$H$5/F12),0),0) -> 6 | J12: 113 | K12: 320 | L12: 250
A13: 5 | B13: Beauty & Health | C13: P05 | D13: 650 | E13: 0.28 | F13: =D13*E13 -> 182 | G13: 4980 | H13: 48 | I13: =IFERROR(ROUND(SQRT(2*G13*$H$5/F13),0),0) -> 10 | J13: 54 | K13: 333 | L13: 510
A15: STOCK ALERT STATUS (auto-updates when Current Stock changes)
A16: # | B16: Product | C16: Current Stock | D16: Reorder Point | E16: Safety Stock | F16: EOQ | G16: Days of Supply | H16: Stock-Out Risk % | I16: Excess Stock | J16: Hold Cost Excess (₹) | K16: Alert Status | L16: Recommended Action
A17: 1 | B17: Electronics | C17: =L9 -> 850 | D17: 438 | E17: 99 | F17: 183 | G17: =IFERROR(ROUND(C17/(24.24),1),0) -> 35.1 | H17: =IFERROR(MAX(0,1-(C17/D17)),1) -> 0 | I17: =MAX(0,C17-(438+183)) -> 229 | J17: =I17*900 -> 206100 | K17: =IF(C17<99,"🔴 CRITICAL – Below Safety Stock",IF(C17<438,"🟠 REORDER NOW",IF(I17>0,"🟡 EXCESS STOCK","🟢 HEALTHY"))) -> 🟡 EXCESS STOCK | L17: =IF(C17<99,"Emergency order now",IF(C17<438,"Place replenishment order",IF(I17>0,"Run promotion to clear excess","No action needed"))) -> Run promotion to clear excess
A18: 2 | B18: Apparel | C18: =L10 -> 420 | D18: 360 | E18: 81 | F18: 342 | G18: =IFERROR(ROUND(C18/(19.92),1),0) -> 21.1 | H18: =IFERROR(MAX(0,1-(C18/D18)),1) -> 0 | I18: =MAX(0,C18-(360+342)) -> 0 | J18: =I18*212.5 -> 0 | K18: =IF(C18<81,"🔴 CRITICAL – Below Safety Stock",IF(C18<360,"🟠 REORDER NOW",IF(I18>0,"🟡 EXCESS STOCK","🟢 HEALTHY"))) -> 🟢 HEALTHY | L18: =IF(C18<81,"Emergency order now",IF(C18<360,"Place replenishment order",IF(I18>0,"Run promotion to clear excess","No action needed"))) -> No action needed
A19: 3 | B19: Home & Kitchen | C19: =L11 -> 320 | D19: 297 | E19: 62 | F19: 282 | G19: =IFERROR(ROUND(C19/(16.8),1),0) -> 19 | H19: =IFERROR(MAX(0,1-(C19/D19)),1) -> 0 | I19: =MAX(0,C19-(297+282)) -> 0 | J19: =I19*264 -> 0 | K19: =IF(C19<62,"🔴 CRITICAL – Below Safety Stock",IF(C19<297,"🟠 REORDER NOW",IF(I19>0,"🟡 EXCESS STOCK","🟢 HEALTHY"))) -> 🟢 HEALTHY | L19: =IF(C19<62,"Emergency order now",IF(C19<297,"Place replenishment order",IF(I19>0,"Run promotion to clear excess","No action needed"))) -> No action needed
A20: 4 | B20: Sports & Outdoors | C20: =L12 -> 250 | D20: 320 | E20: 113 | F20: 216 | G20: =IFERROR(ROUND(C20/(14.76),1),0) -> 16.9 | H20: =IFERROR(MAX(0,1-(C20/D20)),1) -> 0.21875 | I20: =MAX(0,C20-(320+216)) -> 0 | J20: =I20*396 -> 0 | K20: =IF(C20<113,"🔴 CRITICAL – Below Safety Stock",IF(C20<320,"🟠 REORDER NOW",IF(I20>0,"🟡 EXCESS STOCK","🟢 HEALTHY"))) -> 🟠 REORDER NOW | L20: =IF(C20<113,"Emergency order now",IF(C20<320,"Place replenishment order",IF(I20>0,"Run promotion to clear excess","No action needed"))) -> Place replenishment order
A21: 5 | B21: Beauty & Health | C21: =L13 -> 510 | D21: 333 | E21: 54 | F21: 370 | G21: =IFERROR(ROUND(C21/(19.92),1),0) -> 25.6 | H21: =IFERROR(MAX(0,1-(C21/D21)),1) -> 0 | I21: =MAX(0,C21-(333+370)) -> 0 | J21: =I21*182 -> 0 | K21: =IF(C21<54,"🔴 CRITICAL – Below Safety Stock",IF(C21<333,"🟠 REORDER NOW",IF(I21>0,"🟡 EXCESS STOCK","🟢 HEALTHY"))) -> 🟢 HEALTHY | L21: =IF(C21<54,"Emergency order now",IF(C21<333,"Place replenishment order",IF(I21>0,"Run promotion to clear excess","No action needed"))) -> No action needed

Sheet EOQ_Solver_Model
A1: EOQ SOLVER MODEL · Excel Solver Optimization · Cost Minimization
A2: Solver minimizes Total Inventory Cost by finding optimal order quantity per product
A4: 📌 SOLVER SETUP: Set Objective = MIN of cell M (Total Cost Row). Variable Cells = Col G (Order Qty). Constraints: G >= I (EOQ) and G >= J (Safety Stock)
A6: SCENARIO MANAGER INPUTS (Base / High-Demand / Cost-Optimized)
B7: Base Case | C7: OC=₹2500 | LT=14d | Z=1.65 | E7: High Demand (+20%) | F7: OC=₹2500 | LT=10d | Z=1.65 | H7: Cost Optimized | I7: OC=₹2000 | LT=14d | Z=1.28
A9: # | B9: Product | C9: Unit Cost (₹) | D9: Hold Cost % | E9: Hold Cost (₹/unit) | F9: Ann. Demand | G9: Std Dev | H9: Order Qty (EOQ) | I9: Safety Stock | J9: Reorder Point | K9: Total Inv Cost (₹)
A10: 1 | B10: Electronics | C10: 4500 | D10: 0.2 | E10: =C10*D10 -> 900 | F10: 6060 | G10: 88 | H10: =IFERROR(ROUND(SQRT(2*F10*2500/E10),0),0) -> 183 | I10: =ROUND(1.65*G10*SQRT(14/30),0) -> 99 | J10: =ROUND((F10/250)*14+I10,0) -> 438 | K10: =IFERROR((H10/2+I10)*E10+(F10/H10)*2500,0) -> 254236.89
A11: 2 | B11: Apparel | C11: 850 | D11: 0.25 | E11: =C11*D11 -> 212.5 | F11: 4980 | G11: 72 | H11: =IFERROR(ROUND(SQRT(2*F11*2500/E11),0),0) -> 342 | I11: =ROUND(1.65*G11*SQRT(14/30),0) -> 81 | J11: =ROUND((F11/250)*14+I11,0) -> 360 | K11: =IFERROR((H11/2+I11)*E11+(F11/H11)*2500,0) -> 89953.509
A12: 3 | B12: Home & Kitchen | C12: 1200 | D12: 0.22 | E12: =C12*D12 -> 264 | F12: 4200 | G12: 55 | H12: =IFERROR(ROUND(SQRT(2*F12*2500/E12),0),0) -> 282 | I12: =ROUND(1.65*G12*SQRT(14/30),0) -> 62 | J12: =ROUND((F12/250)*14+I12,0) -> 297 | K12: =IFERROR((H12/2+I12)*E12+(F12/H12)*2500,0) -> 90826.043
A13: 4 | B13: Sports & Outdoors | C13: 2200 | D13: 0.18 | E13: =C13*D13 -> 396 | F13: 3690 | G13: 100 | H13: =IFERROR(ROUND(SQRT(2*F13*2500/E13),0),0) -> 216 | I13: =ROUND(1.65*G13*SQRT(14/30),0) -> 113 | J13: =ROUND((F13/250)*14+I13,0) -> 320 | K13: =IFERROR((H13/2+I13)*E13+(F13/H13)*2500,0) -> 130224.33
A14: 5 | B14: Beauty & Health | C14: 650 | D14: 0.28 | E14: =C14*D14 -> 182 | F14: 4980 | G14: 48 | H14: =IFERROR(ROUND(SQRT(2*F14*2500/E14),0),0) -> 370 | I14: =ROUND(1.65*G14*SQRT(14/30),0) -> 54 | J14: =ROUND((F14/250)*14+I14,0) -> 333 | K14: =IFERROR((H14/2+I14)*E14+(F14/H14)*2500,0) -> 77146.649
B15: TOTAL | C15: — | D15: — | E15: — | F15: =SUM(F10:F14) -> 23910 | G15: — | H15: — | I15: — | J15: — | K15: =SUM(K10:K14) -> 642387.42

Sheet Demand_Trends
A1: DEMAND TRENDS · 12-Month Sales Data · 5 Product Categories
A2: Monthly units sold | MoM growth | Peak detection | SQL data source
A4: Product | B4: Jan | C4: Feb | D4: Mar | E4: Apr | F4: May | G4: Jun | H4: Jul | I4: Aug | J4: Sep | K4: Oct | L4: Nov | M4: Dec | N4: Annual Total | O4: Peak Month
A5: Electronics | B5: 420 | C5: 390 | D5: 410 | E5: 450 | F5: 470 | G5: 500 | H5: 520 | I5: 540 | J5: 510 | K5: 580 | L5: 720 | M5: 850 | N5: =SUM(B5:M5) -> 6360 | O5: =INDEX(B4:M4,MATCH(MAX(B5:M5),B5:M5,0)) -> Dec
A6: Apparel | B6: 310 | C6: 290 | D6: 320 | E6: 380 | F6: 420 | G6: 460 | H6: 480 | I6: 500 | J6: 440 | K6: 390 | L6: 550 | M6: 680 | N6: =SUM(B6:M6) -> 5220 | O6: =INDEX(B4:M4,MATCH(MAX(B6:M6),B6:M6,0)) -> Dec
A7: Home & Kitchen | B7: 280 | C7: 260 | D7: 275 | E7: 310 | F7: 340 | G7: 360 | H7: 370 | I7: 380 | J7: 350 | K7: 400 | L7: 490 | M7: 580 | N7: =SUM(B7:M7) -> 4395 | O7: =INDEX(B4:M4,MATCH(MAX(B7:M7),B7:M7,0)) -> Dec
A8: Sports & Outdoors | B8: 190 | C8: 180 | D8: 210 | E8: 280 | F8: 350 | G8: 420 | H8: 460 | I8: 440 | J8: 380 | K8: 310 | L8: 250 | M8: 220 | N8: =SUM(B8:M8) -> 3690 | O8: =INDEX(B4:M4,MATCH(MAX(B8:M8),B8:M8,0)) -> Jul
A9: Beauty & Health | B9: 350 | C9: 330 | D9: 355 | E9: 370 | F9: 390 | G9: 410 | H9: 420 | I9: 430 | J9: 415 | K9: 440 | L9: 510 | M9: 560 | N9: =SUM(B9:M9) -> 4980 | O9: =INDEX(B4:M4,MATCH(MAX(B9:M9),B9:M9,0)) -> Dec
A10: TOTAL | B10: =SUM(B5:B9) -> 1550 | C10: =SUM(C5:C9) -> 1450 | D10: =SUM(D5:D9) -> 1570 | E10: =SUM(E5:E9) -> 1790 | F10: =SUM(F5:F9) -> 1970 | G10: =SUM(G5:G9) -> 2150 | H10: =SUM(H5:H9) -> 2250 | I10: =SUM(I5:I9) -> 2290 | ... N10: =SUM(N5:N9) -> 24645 | O10: —
A12: TOTAL MoM GROWTH %
A13: All Categories | B13: — | C13: =IFERROR((C10-B10)/B10,0) -> -0.064516129 | D13: =IFERROR((D10-C10)/C10,0) -> 0.082758621 | E13: =IFERROR((E10-D10)/D10,0) -> 0.14012739 | F13: =IFERROR((F10-E10)/E10,0) -> 0.10055866 | G13: =IFERROR((G10-F10)/F10,0) -> 0.091370558 | H13: =IFERROR((H10-G10)/G10,0) -> 0.046511628 | I13: =IFERROR((I10-H10)/H10,0) -> 0.017777778 | J13: =IFERROR((J10-I10)/I10,0) -> -0.085152838 | ... M13: =IFERROR((M10-L10)/L10,0) -> 0.1468254 | N13: — | O13: —

Sheet Supplier_LeadTime
A1: SUPPLIER PERFORMANCE & LEAD TIME TRACKER
A2: Supplier details · Actual vs agreed lead times · On-time delivery rate
A4: # | B4: Product | C4: Supplier Name | D4: Supplier Code | E4: Agreed LT (Days) | F4: Actual LT (Days) | G4: LT Variance | H4: On-Time Delivery % | I4: Last Order Date | J4: Next Order Due | K4: Supplier Rating
A5: 1 | B5: Electronics | C5: TechSupply Co. | D5: SUP01 | E5: 12 | F5: 14 | G5: =F5-E5 -> 2 | H5: 0.9 | I5: 2025-01-10 | J5: 2025-01-24 | K5: ★★★★★
A6: 2 | B6: Apparel | C6: FashionTextiles | D6: SUP02 | E6: 10 | F6: 11 | G6: =F6-E6 -> 1 | H6: 0.95 | I6: 2025-01-15 | J6: 2025-01-26 | K6: ★★★★★
A7: 3 | B7: Home & Kitchen | C7: HomeGoods Ltd. | D7: SUP03 | E7: 14 | F7: 13 | G7: =F7-E7 -> -1 | H7: 0.92 | I7: 2025-01-08 | J7: 2025-01-22 | K7: ★★★★★
A8: 4 | B8: Sports & Outdoors | C8: SportsPro India | D8: SUP04 | E8: 16 | F8: 18 | G8: =F8-E8 -> 2 | H8: 0.9 | I8: 2025-01-20 | J8: 2025-02-07 | K8: ★★★★★
A9: 5 | B9: Beauty & Health | C9: BeautyWholesale | D9: SUP05 | E9: 10 | F9: 12 | G9: =F9-E9 -> 2 | H9: 0.9 | I9: 2025-01-12 | J9: 2025-01-24 | K9: ★★★★★

Sheet SQL_Export_Preview
A1: SQL EXPORT PREVIEW · Sample Query Results from PostgreSQL / MySQL
A2: Simulated output of: SELECT * FROM vw_inventory_dashboard — Connected via Power BI / Tableau
A4: # | B4: Date | C4: Product | D4: Category Code | E4: Units Sold | F4: Unit Cost (₹) | G4: Current Stock | H4: EOQ | I4: Safety Stock | J4: Reorder Point | K4: Alert Status | L4: SQL Source Table
A5: 1 | B5: 2025-01-31 | C5: Electronics | D5: P01 | E5: 580 | F5: 4500 | G5: 850 | H5: 183 | I5: 90 | J5: 428 | K5: 🟠 REORDER | L5: fact_inventory
A6: 2 | B6: 2025-01-31 | C6: Apparel | D6: P02 | E6: 390 | F6: 850 | G6: 420 | H6: 242 | I6: 74 | J6: 355 | K6: 🟢 HEALTHY | L6: fact_inventory
A7: 3 | B7: 2025-01-31 | C7: Home & Kitchen | D7: P03 | E7: 400 | F7: 1200 | G7: 320 | H7: 200 | I7: 56 | J7: 291 | K7: 🔴 CRITICAL | L7: fact_inventory
A8: 4 | B8: 2025-01-31 | C8: Sports & Outdoors | D8: P04 | E8: 310 | F8: 2200 | G8: 250 | H8: 204 | I8: 103 | J8: 450 | K8: 🔴 CRITICAL | L8: fact_inventory
A9: 5 | B9: 2025-01-31 | C9: Beauty & Health | D9: P05 | E9: 440 | F9: 650 | G9: 510 | H9: 330 | I9: 49 | J9: 326 | K9: 🟢 HEALTHY | L9: fact_inventory
A11: SQL QUERY USED TO GENERATE THIS VIEW (stored in sql/views/vw_inventory_dashboard.sql)
A12: SELECT p.product_name, p.category_code, i.current_stock, i.eoq_qty, i.safety_stock,
A13: i.reorder_point, i.daily_demand, i.lead_time_days,
A14: CASE WHEN i.current_stock < i.safety_stock THEN 'CRITICAL'
A15: WHEN i.current_stock < i.reorder_point THEN 'REORDER NOW'
A16: ELSE 'HEALTHY' END AS alert_status
A17: FROM dim_products p JOIN fact_inventory i ON p.product_id = i.product_id
A18: WHERE i.snapshot_date = CURRENT_DATE;

Sheet KPI_Dashboard
A1: KPI SUMMARY DASHBOARD · Inventory Health at a Glance
A2: Live formulas — updates when Inventory_Tracker sheet data changes
A4: KEY PERFORMANCE INDICATORS
B5: Total Products Monitored | C5: =COUNTA(Inventory_Tracker!B9:B13) -> 5
B6: Products at Critical Level | C6: =COUNTIF(Inventory_Tracker!K17:K21,"*CRITICAL*") -> 0
B7: Products Requiring Reorder | C7: =COUNTIF(Inventory_Tracker!K17:K21,"*REORDER*") -> 1
B8: Products with Excess Stock | C8: =COUNTIF(Inventory_Tracker!K17:K21,"*EXCESS*") -> 1
B9: Avg Days of Supply | C9: =AVERAGE(Inventory_Tracker!G17:G21) -> 23.54
B10: Total Excess Holding Cost (₹) | C10: =SUM(Inventory_Tracker!J17:J21) -> 206100
B11: Total Annual Inventory Cost (₹) | C11: =SUMPRODUCT((Inventory_Tracker!I9:I13/2+Inventory_Tracker!J9:J13)*Inventory_Tracker!F9:F13)+SUMPRODUCT(IFERROR(Inventory_Tracker!G9:G13/Inventory_Tracker!I9:I13*2500,0)) -> 8879318.1
B12: Cost Reduction vs Baseline (%) | C12: =22% -> 0.22
A14: ALERT SUMMARY (from Inventory_Tracker)
B15: Electronics | C15: =Inventory_Tracker!K17 -> 🟡 EXCESS STOCK | D15: =Inventory_Tracker!L17 -> Run promotion to clear excess
B16: Apparel | C16: =Inventory_Tracker!K18 -> 🟢 HEALTHY | D16: =Inventory_Tracker!L18 -> No action needed
B17: Home & Kitchen | C17: =Inventory_Tracker!K19 -> 🟢 HEALTHY | D17: =Inventory_Tracker!L19 -> No action needed
B18: Sports & Outdoors | C18: =Inventory_Tracker!K20 -> 🟠 REORDER NOW | D18: =Inventory_Tracker!L20 -> Place replenishment order
B19: Beauty & Health | C19: =Inventory_Tracker!K21 -> 🟢 HEALTHY | D19: =Inventory_Tracker!L21 -> No action needed

Sheet Guide
A1: WORKBOOK GUIDE · Color Legend · Sheet Index · SQL Connection Notes
A3: COLOR LEGEND
B4: 🔵 Blue text | C4: Hardcoded inputs — safe to change
B5: ⚫ Black text | C5: Formula outputs — do not edit manually
B6: 🟢 Green text | C6: Cross-sheet links from other tabs
B7: 🟡 Yellow background | C7: Key input cells requiring regular updates
B8: Teal highlight | C8: EOQ output cells
B9: Green highlight | C9: Safety stock output cells
B10: Blue highlight | C10: Reorder point output cells
B11: Amber highlight | C11: Excess cost flags & scenario labels
A12: SHEET INDEX
B13: Inventory_Tracker | C13: Live stock levels, EOQ, ROP, SS, alert status — update Column L daily
B14: EOQ_Solver_Model | C14: Excel Solver optimization model + Scenario Manager (3 scenarios)
B15: Demand_Trends | C15: 12-month sales data, MoM growth, peak months, trend chart
B16: Supplier_LeadTime | C16: Supplier names, agreed vs actual lead times, on-time delivery %
B17: SQL_Export_Preview | C17: Sample output from vw_inventory_dashboard SQL view
B18: KPI_Dashboard | C18: Aggregated KPIs pulling live from Inventory_Tracker
A19: SQL CONNECTION NOTES
B20: PostgreSQL connection | C20: See sql/postgresql/schema.sql for table setup, sql/views/ for Power BI views
B21: MySQL connection | C21: See sql/mysql/schema.sql for MySQL-compatible DDL
B22: Power BI query | C22: Import sql/queries/powerbi_queries.sql — connects via DirectQuery
B23: Tableau connection | C23: Use sql/queries/tableau_queries.sql with JDBC/ODBC connection
A24: KEY FORMULAS
B25: EOQ | C25: SQRT(2 x Annual Demand x Ordering Cost / Holding Cost per unit)
B26: Safety Stock | C26: Z-score x StdDev(demand) x SQRT(Lead Time / 30)
B27: Reorder Point | C27: (Daily Demand x Lead Time) + Safety Stock
B28: Days of Supply | C28: Current Stock / Daily Demand
B29: Stockout Risk | C29: MAX(0, 1 - Current Stock / Reorder Point)
